[
	{
		"no": 1, 
		"title": "전신 다이어트 최고의 운동 [칼소폭 찐 핵핵매운맛]", 
		"part": "전신", 
		"url": "https://www.youtube.com/embed/gMaB-fG4u4g"
	},
	{
		"no": 2, 
		"title": "하루 15분! 전신 칼로리 불태우는 다이어트 운동", 
		"part": "전신", 
		"url": "https://www.youtube.com/embed/swRNeYw1JkY"
	},
	{
		"no": 3, 
		"title": "상체 다이어트 최고의 운동 BEST [팔뚝살/겨드랑이살/등살/가슴어깨라인]", 
		"part": "상체", 
		"url": "https://www.youtube.com/embed/54tTYO-vU2E"
	},
	{
		"no": 4, 
		"title": "상체비만 다이어트 최고의 운동 [상체 핵매운맛]", 
		"part": "상체", 
		"url": "https://www.youtube.com/embed/QqqZH3j_vH0"
	},
	{
		"no": 5, 
		"title": "하체운동이 중요한 이유? 이것만 보고 따라하자 ! [하체운동 교과서]", 
		"part": "하체", 
		"url": "https://www.youtube.com/embed/tzN6ypk6Sps"
	},
	{
		"no": 6, 
		"title": "저는 하체 식주의자 입니다", 
		"part": "하체", 
		"url": "https://www.youtube.com/embed/u5OgcZdNbMo"
	},
	{
		"no": 7, 
		"title": "11자복근 복부 최고의 운동 [복근 핵매운맛]", 
		"part": "복부", 
		"url": "https://www.youtube.com/embed/PjGcOP-TQPE"
	},
	{
		"no": 8, 
		"title": "(Sub)누워서하는 5분 복부운동!! 효과보장! (매일 2주만 해보세요!)", 
		"part": "복부", 
		"url": "https://www.youtube.com/embed/7TLk7pscICk"
	}
]